,Model,all_r2_scores,avg_r2_score
0,RidgeRegression,[0.33462086 0.31284304 0.32112377 0.32075872 0.32483242 0.32963456],0.32396889509374727
1,Lasso,[0.33288053 0.31156258 0.3194499  0.31777002 0.32402117 0.32899947],0.32244727855170874
2,GradientBoostedRegressor,[0.3584136  0.34710838 0.35121246 0.34945164 0.34999945 0.3574922 ],0.35227962284891357
3,RandomForestRegressor,[0.26324989 0.26563826 0.27708535 0.26105814 0.25578509 0.28313863],0.26765922692004934
