,Model,all_r2_scores,avg_r2_score
0,RidgeRegression,[0.29281379 0.31717308 0.30265449 0.33166272 0.28807665 0.33201408],0.31073246749244166
1,Lasso,[0.29015205 0.3159253  0.2995162  0.32867321 0.28853512 0.33106561],0.30897791326262297
2,GradientBoostedRegressor,[0.33264847 0.34594277 0.33849467 0.35463985 0.3192706  0.36121772],0.34203567917926375
3,RandomForestRegressor,[0.26976588 0.26934215 0.2726734  0.27020893 0.24647552 0.2634213 ],0.2653145293579929
