,Population,Accuracy Score,F1_score_macro,F1_score_weighted,Model
0,all,0.4355210337537709,0.36819820611598963,0.41562828757303166,HistGradientBoost
1,194.0,0.38865629196619006,0.2695782854419885,0.34473413101158334,HistGradientBoost
2,140.0,0.43058274669887947,0.22987131914543737,0.3860803763281606,HistGradientBoost
3,750.0,0.29663248988806323,0.24881551088595044,0.2697161898036858,HistGradientBoost
4,463.0,0.47772128369143296,0.2348161627088802,0.4268023940926169,HistGradientBoost
5,302.0,0.6157014780712382,0.471203303272493,0.6038537503286228,HistGradientBoost
